m_target,E,runs,formed_runs,m_actual_mean,sigma_E_mean,lc_mean,Delta_mean,formed_prob,log10_t_set_mean,log10_t_set_std,neck_nm_mean,neck_nm_median,tortuosity_nm_mean,tortuosity_nm_median,branches_mean,branches_median,barrier_std_z_mean,rate_var_log_mean,energy_set_mean,formed_runs_check,Delta_mean_formed,Delta_median_formed,Delta_std_formed,sigma_E_mean_formed,sigma_E_median_formed,sigma_E_std_formed,lc_mean_formed,lc_median_formed,lc_std_formed,log10_t_set_mean_formed,log10_t_set_median_formed,log10_t_set_std_formed,neck_nm_mean_formed,neck_nm_median_formed,neck_nm_std_formed,tortuosity_nm_mean_formed,tortuosity_nm_median_formed,tortuosity_nm_std_formed,branches_mean_formed,branches_median_formed,branches_std_formed,neck_nm_lrs_mean_formed,neck_nm_lrs_median_formed,neck_nm_lrs_std_formed,tortuosity_nm_lrs_mean_formed,tortuosity_nm_lrs_median_formed,tortuosity_nm_lrs_std_formed,branches_lrs_mean_formed,branches_lrs_median_formed,branches_lrs_std_formed,neck_nm_crit_mean_formed,neck_nm_crit_median_formed,neck_nm_crit_std_formed,tortuosity_nm_crit_mean_formed,tortuosity_nm_crit_median_formed,tortuosity_nm_crit_std_formed,branches_crit_mean_formed,branches_crit_median_formed,branches_crit_std_formed,branches_topo_main,tortuosity_topo_main,neck_topo_main,regime
0.0,0.055,32,23,-0.015234849825505763,0.17725772703140896,0.09140909895303458,2.9386715136426163,0.71875,-3.5137974274512627,0.16110308402705792,3.614130434782609,3.0434782608695654,62.00323996655518,66.57608695652173,44.40625,56.0,0.1886968397470208,1.3060800400503856,8425.418658088236,23,2.9382333464079706,2.9287260222100335,0.017979907350695577,0.17723129722198233,0.176657824933687,0.0010845300314866043,0.09229009260058878,0.11140583554376685,0.03615100104955371,-3.5137974274512627,-3.5340779127443804,0.1611030840270578,3.3081285444234396,3.0434782608695654,0.8768384602783535,67.4575396248364,69.99999999999999,24.95164992249429,61.30434782608695,60.0,15.292406857976326,3.3081285444234396,3.0434782608695654,0.8768384602783535,67.4575396248364,69.99999999999999,24.95164992249429,61.30434782608695,60.0,15.292406857976326,3.3081285444234396,3.0434782608695654,0.8768384602783535,56.40839028646213,57.369565217391305,22.70660111698004,57.869565217391305,56.0,15.42519882832246,56.0,57.369565217391305,3.0434782608695654,critical
0.0,0.06,32,22,-0.015234849825505763,0.17725772703140896,0.09140909895303458,2.9386715136426163,0.6875,-3.5666772541694156,0.08826770947881435,5.326086956521739,3.0434782608695654,50.226157900070945,46.41304347826086,45.9375,52.0,0.1882684368710731,1.321291435444111,9766.33455882353,22,2.941384039685815,2.9487493600394794,0.019086065892962262,0.17742134388980865,0.17786561264822134,0.001151252408597589,0.0859552036730443,0.07114624505928828,0.03837508028658654,-3.5666772541694156,-3.553165376547466,0.0882677094788143,3.0434782608695645,3.0434782608695654,9.09079595102396e-16,52.94268774703557,51.570048309178745,18.53546642257186,66.54545454545455,66.0,19.8271753690959,3.0434782608695645,3.0434782608695654,9.09079595102396e-16,52.94268774703557,51.570048309178745,18.53546642257186,66.54545454545455,66.0,19.8271753690959,3.0434782608695645,3.0434782608695654,9.09079595102396e-16,41.52964426877468,41.59420289855072,15.018495894261159,63.40909090909091,62.0,19.67996102132486,62.0,41.59420289855072,3.0434782608695654,critical
0.0,0.065,32,25,-0.01271840556125115,0.1777106869989748,0.0763104333675069,2.9461809214173775,0.78125,-3.642350570246159,0.1950826209015167,4.0896739130434785,3.0434782608695654,48.52654603096179,44.992753623188406,49.0,53.0,0.1894492736406776,1.460263859039384,9059.6796875,25,2.943901825268623,2.9487493600394794,0.014410505582326002,0.17757321419837807,0.17786561264822134,0.000869227286220322,0.08089286005406476,0.07114624505928828,0.028974242874011104,-3.642350570246159,-3.608662759937362,0.19508262090151676,3.043478260869565,3.0434782608695654,4.532466518368395e-16,53.36600790513833,53.26086956521739,22.03305043187469,62.4,65.0,20.45523567859013,3.043478260869565,3.0434782608695654,4.532466518368395e-16,53.36600790513833,53.26086956521739,22.03305043187469,62.4,65.0,20.45523567859013,3.043478260869565,3.0434782608695654,4.532466518368395e-16,41.80079051383398,37.53623188405796,15.80395054642031,58.96,62.0,20.021821428964284,62.0,37.53623188405796,3.0434782608695654,critical
0.0,0.07,32,32,-0.016084789444378668,0.17710473790001183,0.09650873666627201,2.936135179628506,1.0,-3.6266452450849367,0.2114172995022205,3.0434782608695654,3.0434782608695654,59.18702994620114,59.728260869565204,66.40625,63.0,0.18861991440004036,1.4644074779135026,7418.8869485294135,32,2.936135179628506,2.9387376911247562,0.020224142781357805,0.17710473790001183,0.17726171879095418,0.0012199000684287183,0.09650873666627202,0.09127604030152756,0.04066333561429077,-3.626645245084937,-3.6388109438100287,0.2114172995022205,3.0434782608695654,3.0434782608695654,0.0,59.187029946201136,59.728260869565204,17.11234121646411,66.40625,63.0,20.78283934620875,3.0434782608695654,3.0434782608695654,0.0,59.187029946201136,59.728260869565204,17.11234121646411,66.40625,63.0,20.78283934620875,3.0434782608695654,3.0434782608695654,0.0,46.87045385924462,43.70772946859903,14.379477007409742,63.15625,59.5,19.90154698963488,59.5,43.70772946859903,3.0434782608695654,multi-path LRS
0.0,0.075,32,31,-0.013546168738206221,0.17756168962712288,0.08127701242923732,2.9437107648854073,0.96875,-3.6906477040393377,0.1517850968266858,3.1385869565217392,3.0434782608695654,62.88628815327185,63.836956521739125,60.53125,63.5,0.1878973070755026,1.4130085388904956,8549.662224264706,31,2.9441941436813877,2.9487493600394794,0.013327981993881273,0.17759084655271765,0.17786561264822134,0.0008039305458889242,0.08030511490941378,0.07114624505928828,0.02679768486296449,-3.6906477040393377,-3.7145430536773656,0.15178509682668584,3.1416549789621313,3.0434782608695654,0.5466248322554018,63.884022553728016,63.91304347826086,13.553107040574078,62.354838709677416,65.0,18.741306228216455,3.1416549789621313,3.0434782608695654,0.5466248322554018,63.884022553728016,63.91304347826086,13.553107040574078,62.354838709677416,65.0,18.741306228216455,3.1416549789621313,3.0434782608695654,0.5466248322554018,49.72203096887529,48.69565217391303,13.923645608677154,59.096774193548384,61.0,18.46140991132526,61.0,48.69565217391303,3.0434782608695654,multi-path LRS
0.0,0.08,32,27,-0.012729603711697419,0.17770867133189447,0.07637762227018452,2.946147504631948,0.84375,-3.7874836271666568,0.11796686720368336,3.328804347826087,3.0434782608695654,49.985650007876494,47.934782608695656,57.625,61.0,0.1883134754916421,1.41519922031877,7558.1691176470595,27,2.9456949945724356,2.9487493600394794,0.018155895378154464,0.17768137637761472,0.17786561264822134,0.001095145453314898,0.07728745407951007,0.07114624505928828,0.03650484844383014,-3.787483627166657,-3.7693245470438597,0.1179668672036834,3.043478260869565,3.0434782608695654,4.525488120821813e-16,52.54676305164648,48.18840579710145,25.15944795025946,67.88888888888889,64.0,17.71642726036474,3.043478260869565,3.0434782608695654,4.525488120821813e-16,52.54676305164648,48.18840579710145,25.15944795025946,67.88888888888889,64.0,17.71642726036474,3.043478260869565,3.0434782608695654,4.525488120821813e-16,42.18129361245304,41.99999999999999,19.244050751592113,64.29629629629629,63.0,17.331196449477176,63.0,41.99999999999999,3.0434782608695654,multi-path LRS
0.0,0.085,32,31,-0.014384910206632857,0.1774107161628061,0.08630946123979714,2.9412078476567265,0.96875,-3.7868552311764385,0.1188936873216908,3.233695652173913,3.0434782608695654,57.46010718599033,56.55797101449275,76.3125,81.0,0.18861684428827685,1.4859587450732012,6616.218750000002,31,2.941610487187264,2.9487493600394794,0.014137621861240315,0.17743500297664866,0.17786561264822134,0.0008527672130481538,0.08549990077837881,0.07114624505928828,0.02842557376827216,-3.786855231176438,-3.767343851332603,0.11889368732169074,3.1416549789621313,3.0434782608695654,0.5466248322554018,58.282803490727744,58.333333333333314,17.754862637337506,78.7741935483871,81.0,16.14663985151783,3.1416549789621313,3.0434782608695654,0.5466248322554018,58.282803490727744,58.333333333333314,17.754862637337506,78.7741935483871,81.0,16.14663985151783,3.1416549789621313,3.0434782608695654,0.5466248322554018,46.30524388343461,43.74999999999999,15.9064808920122,75.0,77.0,15.403462814142367,77.0,43.74999999999999,3.0434782608695654,multi-path LRS
0.0,0.09,32,31,-0.016084789444378668,0.17710473790001183,0.09650873666627201,2.936135179628506,0.96875,-3.845024098718823,0.17622648719512596,3.1385869565217392,3.0434782608695654,56.20527626811594,56.05072463768116,67.84375,70.0,0.1878603079780984,1.4665817434554207,6968.125919117647,31,2.9357282705829904,2.9287260222100335,0.02042485750004275,0.17708019355329546,0.176657824933687,0.0012320069795450758,0.09732688155681989,0.11140583554376685,0.04106689931816936,-3.845024098718823,-3.885463175014344,0.17622648719512607,3.1416549789621313,3.0434782608695654,0.5466248322554018,55.285764375876575,54.78260869565217,16.364182818896463,70.0,70.0,20.945962220278478,3.1416549789621313,3.0434782608695654,0.5466248322554018,55.285764375876575,54.78260869565217,16.364182818896463,70.0,70.0,20.945962220278478,3.1416549789621313,3.0434782608695654,0.5466248322554018,41.34467040673212,36.521739130434774,13.955364212923767,66.7741935483871,68.0,20.40540725301238,68.0,36.521739130434774,3.0434782608695654,multi-path LRS
0.0,0.095,32,32,-0.017751294089760377,0.17680476706384313,0.10650776453856226,2.931162105867855,1.0,-3.82871544342091,0.16632267381530078,3.233695652173913,3.0434782608695654,59.51847680771913,58.84057971014492,76.59375,74.5,0.18854316812905814,1.5546041058432496,6561.461397058823,32,2.931162105867855,2.9287260222100335,0.01597881215811374,0.17680476706384313,0.176657824933687,0.0009638259705652565,0.10650776453856226,0.11140583554376685,0.032127532352175324,-3.82871544342091,-3.8712761688038313,0.16632267381530072,3.233695652173913,3.0434782608695654,0.7484968777969029,59.51847680771914,58.84057971014492,18.903298206459922,76.59375,74.5,17.967460507728248,3.233695652173913,3.0434782608695654,0.7484968777969029,59.51847680771914,58.84057971014492,18.903298206459922,76.59375,74.5,17.967460507728248,3.233695652173913,3.0434782608695654,0.7484968777969029,43.635324633806086,41.34057971014492,13.933509793205184,73.375,69.5,18.126348670623994,69.5,41.34057971014492,3.0434782608695654,multi-path LRS
0.0,0.1,32,31,-0.009385396270487737,0.1783106286713122,0.056312377622926416,2.9561270689386796,0.96875,-3.9076373365022254,0.1492479921318575,3.519021739130435,3.0434782608695654,61.67808783909327,60.489130434782595,69.1875,71.0,0.18986786782551274,1.6016134101143078,5959.117647058823,31,2.9557275997981467,2.9487493600394794,0.014085183536910852,0.1782865330922244,0.17786561264822134,0.0008496041857629297,0.05711556359252261,0.07114624505928828,0.02832013952543127,-3.9076373365022254,-3.932915895251458,0.14924799213185744,3.338008415147264,3.0434782608695654,0.9146782933179782,62.44049459968113,62.39130434782608,19.998755742799858,71.41935483870968,71.0,15.632816324532158,3.338008415147264,3.0434782608695654,0.9146782933179782,62.44049459968113,62.39130434782608,19.998755742799858,71.41935483870968,71.0,15.632816324532158,3.338008415147264,3.0434782608695654,0.9146782933179782,45.16139221538941,45.65217391304347,16.42486677686352,68.54838709677419,69.0,15.207100774917441,69.0,45.65217391304347,3.0434782608695654,multi-path LRS
0.0,0.105,32,32,-0.013546168738206221,0.17756168962712288,0.08127701242923732,2.9437107648854073,1.0,-4.0266567807302085,0.15199438882266844,3.3288043478260874,3.0434782608695654,51.39594655797101,48.44202898550725,78.84375,79.5,0.1886152364215393,1.6179886226490945,5290.542738970588,32,2.9437107648854073,2.9487493600394794,0.01339335287805155,0.17756168962712288,0.17786561264822134,0.000807873652251191,0.08127701242923732,0.07114624505928828,0.026929121741706714,-4.0266567807302085,-4.0567747207350475,0.15199438882266836,3.328804347826087,3.0434782608695654,0.9013095945922146,51.39594655797101,48.44202898550725,15.39116139383486,78.84375,79.5,24.708767380908967,3.328804347826087,3.0434782608695654,0.9013095945922146,51.39594655797101,48.44202898550725,15.39116139383486,78.84375,79.5,24.708767380908967,3.328804347826087,3.0434782608695654,0.9013095945922146,39.66587409420289,38.29710144927536,13.574032305159157,75.28125,77.0,24.223734528683412,77.0,38.29710144927536,3.0434782608695654,multi-path LRS
0.25,0.055,32,12,0.23404696469151917,0.13787154635552654,1.404281788149115,2.2857067649584137,0.375,-3.390502485094855,0.15553918432695615,7.228260869565218,3.0434782608695654,38.251256847652726,40.581045003813884,25.09375,3.0,0.14877185626985737,1.0401822104756802,9635.01424632353,12,2.2812270380380304,2.2837574528610407,0.019553487645351347,0.13760133370741592,0.13775396579912508,0.0011794468212799408,1.4132888764194689,1.4082011400291634,0.039314894042664764,-3.390502485094855,-3.333076617814454,0.1555391843269561,3.043478260869565,3.0434782608695654,4.638360521155014e-16,55.27717391304348,55.21376811594203,20.498974836408784,65.0,66.5,10.87950533634854,3.043478260869565,3.0434782608695654,4.638360521155014e-16,55.27717391304348,55.21376811594203,20.498974836408784,65.0,66.5,10.87950533634854,3.043478260869565,3.0434782608695654,4.638360521155014e-16,42.97644927536232,45.65217391304347,15.297695173495992,62.166666666666664,63.5,10.994488977610004,63.5,45.65217391304347,3.0434782608695654,critical
0.25,0.06,32,20,0.2327489663706319,0.13810518605328626,1.3964937982237913,2.289580166337079,0.625,-3.5212704609594816,0.1881502520049086,9.415760869565219,3.0434782608695654,45.87994071146245,45.5,43.75,62.5,0.15302937441300604,1.1908426212637013,9300.948529411766,20,2.285337502930985,2.2914516992903025,0.017939583298395127,0.13784927283929407,0.13821807504949174,0.0010820977249758903,1.405024238690197,1.392730831683609,0.036069924165862945,-3.5212704609594816,-3.553463387181015,0.18815025200490848,3.043478260869565,3.0434782608695654,4.556259157007654e-16,52.940513833992085,48.69565217391305,18.071281978812873,69.35,70.5,17.10424693337578,3.043478260869565,3.0434782608695654,4.556259157007654e-16,52.940513833992085,48.69565217391305,18.071281978812873,69.35,70.5,17.10424693337578,3.043478260869565,3.0434782608695654,4.556259157007654e-16,42.973122529644264,41.847826086956516,15.122474776978127,66.35,68.0,16.278093125101407,68.0,41.847826086956516,3.0434782608695654,critical
0.25,0.065,32,22,0.23408201170006895,0.1378652378939876,1.4044920702004138,2.2856021799762534,0.6875,-3.567309592081166,0.16549355096981597,7.323369565217392,3.0434782608695654,61.73939079090134,60.894927536231876,47.125,59.0,0.14923801034228806,1.0906881265749528,8453.7578125,22,2.2857794381372845,2.2836523402049034,0.005479051109232605,0.13787592992900286,0.13774762550881955,0.0003304908838578001,1.404135669033238,1.4084124830393487,0.01101636279526032,-3.567309592081166,-3.610904041097461,0.1654935509698159,3.0434782608695645,3.0434782608695654,9.09079595102396e-16,71.23525712836339,68.06324110671936,23.133549455415732,67.0909090909091,66.0,17.427152025090837,3.0434782608695645,3.0434782608695654,9.09079595102396e-16,71.23525712836339,68.06324110671936,23.133549455415732,67.0909090909091,66.0,17.427152025090837,3.0434782608695645,3.0434782608695654,9.09079595102396e-16,55.39533617974678,55.73715415019762,19.926787853495252,64.27272727272727,64.5,17.23557179396538,64.5,55.73715415019762,3.0434782608695654,critical
0.25,0.07,32,8,0.23472660788113373,0.13774921058139594,1.4083596472868025,2.2836786183689375,0.25,-3.4481776424903035,0.10770132622111943,23.967391304347828,9.130434782608695,33.83609807656506,30.785953177257525,21.6875,0.5,0.15254408487403565,1.1974084654744788,11979.078125000004,8,2.2836523402049034,2.2836523402049034,0.0,0.13774762550881955,0.13774762550881955,0.0,1.4084124830393487,1.4084124830393487,0.0,-3.4481776424903035,-3.4585458026653173,0.1077013262211195,3.0434782608695654,3.0434782608695654,0.0,73.05774456521739,72.30797101449275,24.546980862651033,85.125,84.0,14.426538046253508,3.0434782608695654,3.0434782608695654,0.0,73.05774456521739,72.30797101449275,24.546980862651033,85.125,84.0,14.426538046253508,3.0434782608695654,3.0434782608695654,0.0,59.171875,52.39855072463768,18.207766029746132,81.125,78.5,14.307215961584859,78.5,52.39855072463768,3.0434782608695654,critical
0.25,0.075,32,25,0.23665176729205145,0.13740268188743074,1.4199106037523086,2.2779336840370488,0.78125,-3.604056398070722,0.1745249618718674,12.173913043478262,3.0434782608695654,37.61145659141583,40.71627647714604,52.3125,62.0,0.15382273257803375,1.2223307586624195,8003.913143382353,25,2.280616517839981,2.2836523402049034,0.011788234801609315,0.1375645077395898,0.13774762550881955,0.0007110545349982674,1.4145164086803406,1.4084124830393487,0.02370181783327558,-3.6040563980707225,-3.573816127035832,0.17452496187186742,3.043478260869565,3.0434782608695654,4.532466518368395e-16,46.43155332590115,46.666666666666664,16.52721966991435,66.8,72.0,20.336748347101448,3.043478260869565,3.0434782608695654,4.532466518368395e-16,46.43155332590115,46.666666666666664,16.52721966991435,66.8,72.0,20.336748347101448,3.043478260869565,3.0434782608695654,4.532466518368395e-16,38.09242289111854,36.52173913043478,14.209336887921605,63.36,68.0,19.587155655343803,68.0,36.52173913043478,3.0434782608695654,critical
0.25,0.08,32,24,0.23405577065027688,0.13786996128295015,1.4043346239016614,2.2856804867943796,0.75,-3.703304675444883,0.11798969515476891,4.279891304347826,3.0434782608695654,50.11253156565657,46.15942028985508,56.21875,67.5,0.15147903642172597,1.2080814665133266,7896.6323529411775,24,2.2869803799752795,2.2836523402049034,0.01505707187481441,0.13794836953972886,0.13774762550881955,0.0009082275184169259,1.4017210153423711,1.4084124830393487,0.030274250613897546,-3.703304675444883,-3.7290022382705668,0.11798969515476888,3.1702898550724634,3.0434782608695654,0.6212473985319654,54.96668679549114,52.75362318840579,21.083119347148177,74.45833333333333,72.0,15.676010935202225,3.1702898550724634,3.0434782608695654,0.6212473985319654,54.96668679549114,52.75362318840579,21.083119347148177,74.45833333333333,72.0,15.676010935202225,3.1702898550724634,3.0434782608695654,0.6212473985319654,44.22997181964573,40.528985507246375,16.921598220868656,70.70833333333333,68.5,15.655195461173145,68.5,40.528985507246375,3.0434782608695654,critical
0.25,0.085,32,23,0.2385943617940035,0.13705301487707938,1.431566170764021,2.2721367210510683,0.71875,-3.692098006002954,0.23324495214834037,14.741847826086957,3.0434782608695654,42.49957827260459,36.086956521739125,61.40625,82.0,0.15188266636162584,1.221618722126079,8824.023437500002,23,2.2736253232937123,2.2682638473463794,0.008792079655700233,0.13714280587575342,0.13681940700808626,0.0005303294527521776,1.4285731374748865,1.4393530997304582,0.01767764842507233,-3.6920980060029542,-3.7703029160029287,0.23324495214834023,3.1758034026465025,3.0434782608695654,0.6346090862606624,54.45435968866473,48.69565217391304,24.32169273537988,85.30434782608695,85.0,12.50248987059885,3.1758034026465025,3.0434782608695654,0.6346090862606624,54.45435968866473,48.69565217391304,24.32169273537988,85.30434782608695,85.0,12.50248987059885,3.1758034026465025,3.0434782608695654,0.6346090862606624,44.529974055394405,36.66666666666666,21.13178210924823,81.95652173913044,81.0,12.07732007024122,81.0,36.66666666666666,3.0434782608695654,critical
0.25,0.09,32,29,0.23730516943187394,0.1372850695022627,1.4238310165912438,2.275983844265699,0.90625,-3.8163690412042572,0.0999555645928884,3.423913043478261,3.0434782608695654,53.828519570707066,51.7391304347826,61.6875,65.0,0.14823471462503535,1.217838488110101,5735.183823529412,29,2.276244723368422,2.2836523402049034,0.01053377163322957,0.13730080546885984,0.13774762550881955,0.0006353865711447699,1.4233064843713383,1.4084124830393487,0.021179552371491977,-3.8163690412042577,-3.8401227534043065,0.09995556459288843,3.0434782608695645,3.0434782608695654,9.038996122241149e-16,56.15910605303408,52.39130434782608,22.121416984524817,67.6896551724138,68.0,18.985151055262453,3.0434782608695645,3.0434782608695654,9.038996122241149e-16,56.15910605303408,52.39130434782608,22.121416984524817,67.6896551724138,68.0,18.985151055262453,3.0434782608695645,3.0434782608695654,9.038996122241149e-16,42.30603258976572,40.07246376811594,14.249505053783265,65.03448275862068,66.0,18.565487871356297,66.0,40.07246376811594,3.0434782608695654,multi-path LRS
0.25,0.095,32,27,0.23468293174030733,0.13775707228674466,1.408097590441844,2.283808953841156,0.84375,-3.715676083131256,0.191787283872479,5.7065217391304355,3.0434782608695654,55.26386919764755,52.5,67.5625,76.5,0.15444262717669655,1.31605464678354,6438.406709558823,27,2.282659293740958,2.2836523402049034,0.019049842301352284,0.13768772593916084,0.13774762550881955,0.0011490674377752626,1.4104091353613049,1.4084124830393487,0.03830224792584197,-3.715676083131256,-3.726953905139194,0.1917872838724791,3.381642512077294,3.0434782608695654,0.9746931101179218,62.77545178028271,54.27536231884057,23.371866549911488,79.88888888888889,77.0,19.576935670743016,3.381642512077294,3.0434782608695654,0.9746931101179218,62.77545178028271,54.27536231884057,23.371866549911488,79.88888888888889,77.0,19.576935670743016,3.268921095008051,3.0434782608695654,0.8122442584316013,49.02343889783502,41.99999999999999,18.314623071370345,76.55555555555556,75.0,19.232051239319087,75.0,41.99999999999999,3.0434782608695654,multi-path LRS
0.25,0.1,32,28,0.23212180528060145,0.13821807504949174,1.392730831683609,2.2914516992903025,0.875,-3.762142576253975,0.26800559681976843,8.940217391304348,3.0434782608695654,55.047650417215635,44.384057971014485,69.96875,72.0,0.1500375806537084,1.253463626882399,6389.641544117647,28,2.2914516992903025,2.2914516992903025,0.007942478529107299,0.13821807504949174,0.13821807504949174,0.0004790823623972212,1.3927308316836082,1.392730831683609,0.015969412079907826,-3.762142576253975,-3.8104127814160247,0.2680055968197684,3.58695652173913,3.0434782608695654,1.1870205193531995,60.352076667294064,54.40217391304347,30.681955700168782,79.89285714285714,76.0,20.980306966850616,3.58695652173913,3.0434782608695654,1.1870205193531995,60.352076667294064,54.40217391304347,30.681955700168782,79.89285714285714,76.0,20.980306966850616,3.2608695652173907,3.0434782608695654,0.7981986300414642,50.623815797728845,41.84782608695651,26.66599849868933,76.39285714285714,74.5,20.219790975426704,74.5,41.84782608695651,3.0434782608695654,multi-path LRS
0.25,0.105,32,31,0.23341980360148873,0.13798443535173202,1.4005188216089324,2.287578297911637,0.96875,-3.937902923819755,0.2568168124922553,5.516304347826087,3.0434782608695654,52.903409090909086,52.44565217391304,73.03125,74.5,0.15479499365258464,1.3689780165481942,5427.978860294118,31,2.287201757251506,2.2836523402049034,0.010381383564867638,0.13796172279565358,0.13774762550881955,0.000626194675249247,1.4012759068115472,1.4084124830393487,0.020873155841641847,-3.9379029238197543,-4.0295785041393515,0.25681681249225524,3.338008415147264,3.0434782608695654,0.9146782933179782,54.609970674486796,52.5,24.955134454898097,75.38709677419355,75.0,18.60228914113321,3.338008415147264,3.0434782608695654,0.9146782933179782,54.609970674486796,52.5,24.955134454898097,75.38709677419355,75.0,18.60228914113321,3.1416549789621313,3.0434782608695654,0.5466248322554019,41.55246716817543,37.905138339920946,21.63398773603424,72.19354838709677,74.0,17.79778891667672,74.0,37.905138339920946,3.0434782608695654,multi-path LRS
0.5,0.055,32,13,0.4991198456715698,0.09015842777911744,2.994719074029419,1.4946936749468234,0.40625,-3.421422397501293,0.1282419815859631,15.978260869565217,3.0434782608695654,44.0761065120871,40.83333333333333,27.5,1.5,0.10967897708238311,0.8295832275128632,9216.857536764706,13,1.4976855033630108,1.5025012123770394,0.005413955540763078,0.0903388918773534,0.09062937062937064,0.00032656438426328943,2.9887036040882196,2.979020979020979,0.010885479475442664,-3.4214223975012925,-3.437062208967056,0.12824198158596303,3.043478260869565,3.0434782608695654,4.622227044373279e-16,50.63170163170163,45.65217391304347,24.082273723831804,66.53846153846153,60.0,20.484202793923032,3.043478260869565,3.0434782608695654,4.622227044373279e-16,50.63170163170163,45.65217391304347,24.082273723831804,66.53846153846153,60.0,20.484202793923032,3.043478260869565,3.0434782608695654,4.622227044373279e-16,38.92601601297253,31.956521739130434,17.98196841637545,62.76923076923077,58.0,19.52414678525819,58.0,31.956521739130434,3.0434782608695654,critical
0.5,0.06,32,20,0.4978146853146853,0.09039335664335665,2.986888111888112,1.4985884488031407,0.625,-3.426606525870966,0.20635076364147226,10.081521739130435,3.0434782608695654,49.99226905341036,51.73913043478261,42.5625,52.5,0.1125207174430371,0.8596593513854528,7606.174632352941,20,1.4983275978982142,1.5025012123770394,0.005244404208476206,0.0903776223776224,0.09062937062937064,0.0003163372174510776,2.9874125874125874,2.979020979020979,0.010544573915035611,-3.426606525870965,-3.4965733775215284,0.20635076364147217,3.043478260869565,3.0434782608695654,4.556259157007654e-16,65.05498885172798,65.42753623188406,15.390661412711117,67.25,66.0,17.80264616640784,3.043478260869565,3.0434782608695654,4.556259157007654e-16,65.05498885172798,65.42753623188406,15.390661412711117,67.25,66.0,17.80264616640784,3.043478260869565,3.0434782608695654,4.556259157007654e-16,45.80498885172798,44.384057971014485,16.753673657670383,64.45,63.5,17.370498280887507,63.5,44.384057971014485,3.0434782608695654,critical
0.5,0.065,32,17,0.4995569086086328,0.09007975645044611,2.9973414516517964,1.4933894204221905,0.53125,-3.458244810075128,0.16917221621247874,12.459239130434783,3.0434782608695654,51.69982566215025,54.78260869565217,40.1875,37.0,0.10489469975126921,0.841693014919856,8145.629136029413,17,1.496363544025826,1.4920671761799764,0.0052931829755055336,0.09025915261209379,0.09,0.0003192795038995196,2.9913615795968735,3.0,0.010642650129983677,-3.458244810075128,-3.469647123023264,0.16917221621247874,3.0434782608695654,3.0434782608695654,0.0,66.86783634098211,66.95652173913044,18.91158449268187,75.0,82.0,24.08318915758459,3.0434782608695654,3.0434782608695654,0.0,66.86783634098211,66.95652173913044,18.91158449268187,75.0,82.0,24.08318915758459,3.0434782608695654,3.0434782608695654,0.0,53.261698233565234,53.26086956521739,12.466006893064446,71.70588235294117,78.0,23.280261773341252,78.0,53.26086956521739,3.0434782608695654,critical
0.5,0.07,32,16,0.4999820385094358,0.09000323306830156,2.9998922310566147,1.4921207756809887,0.5,-3.4960312312781743,0.1873018519916022,11.508152173913043,3.0434782608695654,46.35864418642951,44.891304347826086,35.96875,17.0,0.11462253554803611,0.9543333029974744,8900.023897058825,16,1.4934250302056218,1.4920671761799764,0.009863205786014845,0.09008190439697289,0.09,0.0005949387098066326,2.9972698534342372,3.0,0.01983129032688752,-3.4960312312781747,-3.5561503981078246,0.18730185199160226,3.233695652173913,3.0434782608695654,0.7608695652173912,57.08899456521739,56.81159420289855,14.577462704630888,71.4375,71.0,16.733076027238187,3.233695652173913,3.0434782608695654,0.7608695652173912,57.08899456521739,56.81159420289855,14.577462704630888,71.4375,71.0,16.733076027238187,3.233695652173913,3.0434782608695654,0.7608695652173912,40.73029891304347,40.57971014492753,10.468982214960047,68.5625,68.0,15.962325436268154,68.0,40.57971014492753,3.0434782608695654,critical
0.5,0.075,32,22,0.4969405594405594,0.09055069930069931,2.9816433566433567,1.5011969578524065,0.6875,-3.5663042017313886,0.18897076216454106,11.508152173913043,3.0434782608695654,47.70423106205072,41.08695652173913,49.8125,65.0,0.10708811743697885,0.8692071708790867,6563.995863970588,22,1.500604114886665,1.5025012123770394,0.004119055080677493,0.09051493960584868,0.09062937062937064,0.00024845728341138664,2.98283534647171,2.979020979020979,0.008281909447045982,-3.5663042017313895,-3.603435317016641,0.18897076216454106,3.181818181818181,3.0434782608695654,0.6488717454301188,59.873173433944174,46.41304347826086,26.554449520361906,72.36363636363636,75.0,16.381015302406087,3.181818181818181,3.0434782608695654,0.6488717454301188,59.873173433944174,46.41304347826086,26.554449520361906,72.36363636363636,75.0,16.381015302406087,3.181818181818181,3.0434782608695654,0.6488717454301188,40.98977422445802,36.01449275362319,24.677701362079063,69.9090909090909,73.0,15.975901765767004,73.0,36.01449275362319,3.0434782608695654,critical
0.5,0.08,32,21,0.5012811704120159,0.08976938932583713,3.007687022472096,1.4882439915422525,0.65625,-3.5703171617514364,0.29509015667959415,10.081521739130435,3.0434782608695654,43.970595027192864,41.97463768115942,47.71875,61.0,0.11396311319054522,0.9527460909450747,7506.3823529411775,21,1.4886846868156003,1.4920671761799764,0.009944685193439605,0.08979597162403022,0.09,0.0005998534661830872,3.0068009458656597,3.0,0.019995115539436132,-3.5703171617514364,-3.6668322612012116,0.29509015667959426,3.043478260869565,3.0434782608695654,4.550560269027492e-16,51.053682606112275,47.17391304347826,21.914489314240942,72.33333333333333,72.0,16.460052652811694,3.043478260869565,3.0434782608695654,4.550560269027492e-16,51.053682606112275,47.17391304347826,21.914489314240942,72.33333333333333,72.0,16.460052652811694,3.043478260869565,3.0434782608695654,4.550560269027492e-16,40.546436229300674,35.02983802216538,17.7900220850824,69.38095238095238,68.0,15.982728773511083,68.0,35.02983802216538,3.0434782608695654,critical
0.5,0.085,32,23,0.4986827827345069,0.09023709910778877,2.9920966964070415,1.4959979294714563,0.71875,-3.7000307819630254,0.15575508354059564,10.46195652173913,3.0434782608695654,47.23494334327934,53.768115942028984,63.0625,75.5,0.10843617662093952,0.9077912203202916,6731.062500000002,23,1.4957214353338504,1.5025012123770394,0.008042055533718506,0.0902204212579025,0.09062937062937064,0.0004850887477383696,2.992652624736583,2.979020979020979,0.016169624924612158,-3.700030781963025,-3.7391318397495454,0.15575508354059558,3.3081285444234396,3.0434782608695654,0.8768384602783535,52.6075404326822,55.289855072463766,20.313165211087288,87.43478260869566,83.0,22.81511876516918,3.3081285444234396,3.0434782608695654,0.8768384602783535,52.6075404326822,55.289855072463766,20.313165211087288,87.43478260869566,83.0,22.81511876516918,3.3081285444234396,3.0434782608695654,0.8768384602783535,39.97048939298465,41.086956521739125,17.321148601920196,83.91304347826087,81.0,21.894194007208768,81.0,41.086956521739125,3.0434782608695654,critical
0.5,0.09,32,30,0.4995569086086328,0.09007975645044611,2.9973414516517964,1.4933894204221905,0.9375,-3.807266498785595,0.12991555550020403,3.899456521739131,3.0434782608695654,47.326044262465295,42.11636828644501,69.875,71.0,0.11317804866561351,0.9738467417998365,4709.779411764706,30,1.49312976883177,1.4920671761799764,0.006302043556383524,0.09006409452616347,0.09,0.0003801329652775,2.99786351579455,3.0,0.012671098842583212,-3.8072664987855944,-3.854038655240963,0.12991555550020392,3.0434782608695645,3.0434782608695654,9.033620566533923e-16,47.783557756064155,42.11636828644501,17.873720011823018,74.53333333333333,72.5,15.606659350801312,3.0434782608695645,3.0434782608695654,9.033620566533923e-16,47.783557756064155,42.11636828644501,17.873720011823018,74.53333333333333,72.5,15.606659350801312,3.0434782608695645,3.0434782608695654,9.033620566533923e-16,36.26906500244095,35.2536231884058,9.87796316193057,71.5,70.5,15.224186745733432,70.5,35.2536231884058,3.0434782608695654,multi-path LRS
0.5,0.095,32,27,0.4986767542802026,0.09023818422956355,2.9920605256812154,1.4960159191890374,0.84375,-3.8312433046104464,0.1470508403526855,8.464673913043478,3.0434782608695654,51.28579894305575,49.45353793691389,72.125,82.0,0.10967479430802873,0.8768124106406169,5660.541819852941,27,1.4975040686045,1.5025012123770394,0.00832011285458372,0.0903279479141548,0.09062937062937064,0.0005018608872756385,2.9890684028615064,2.979020979020979,0.016728696242521157,-3.8312433046104455,-3.848281556825156,0.14705084035268554,3.268921095008051,3.0434782608695654,0.8122442584316014,57.021704439406825,52.75362318840579,25.994072478816463,85.37037037037037,87.0,20.10194814161849,3.268921095008051,3.0434782608695654,0.8122442584316014,57.021704439406825,52.75362318840579,25.994072478816463,85.37037037037037,87.0,20.10194814161849,3.1561996779388077,3.0434782608695654,0.5857176643952726,44.67870927032471,36.521739130434774,22.6609095191894,81.55555555555556,85.0,19.708126659077884,85.0,36.521739130434774,3.0434782608695654,multi-path LRS
0.5,0.1,32,20,0.4991138172172655,0.09015951290089222,2.994682903303593,1.4947116646644045,0.625,-3.8226939282064523,0.2645882384777544,26.345108695652172,3.0434782608695654,39.16950599219621,47.63238573021181,49.6875,69.0,0.10711178395747667,0.8987809923133694,7701.39705882353,20,1.4931609510089099,1.4920671761799764,0.00945098407478667,0.09006597540390641,0.09,0.0005700739084070609,2.997800819869785,3.0,0.01900246361356858,-3.8226939282064523,-3.862018053436244,0.2645882384777545,3.347826086956521,3.0434782608695654,0.936762843208184,59.414687848383494,56.086956521739125,22.111942536330126,79.5,83.0,16.89129330376109,3.347826086956521,3.0434782608695654,0.936762843208184,59.414687848383494,56.086956521739125,22.111942536330126,79.5,83.0,16.89129330376109,3.195652173913043,3.0434782608695654,0.6805424279347186,44.88207915273132,42.30629877369007,16.672536472214137,76.15,78.5,15.865470616869102,78.5,42.30629877369007,3.0434782608695654,critical
0.5,0.105,32,28,0.4982517482517482,0.09031468531468531,2.9895104895104896,1.497284194278508,0.875,-3.839193291361539,0.18072224848198234,11.983695652173914,3.0434782608695654,49.40589389316506,50.21739130434783,74.3125,82.0,0.11734679020135091,0.9835164829216413,5658.863051470588,28,1.4980294825782985,1.5025012123770394,0.005258259990109469,0.09035964035964036,0.09062937062937064,0.0003171729843434143,2.9880119880119875,2.979020979020979,0.010572432811446838,-3.839193291361539,-3.8641446218135282,0.1807222484819824,3.2608695652173907,3.0434782608695654,0.7981986300414642,56.46387873504578,54.78260869565217,20.71807292275607,84.92857142857143,82.5,20.91416066692891,3.2608695652173907,3.0434782608695654,0.7981986300414642,56.46387873504578,54.78260869565217,20.71807292275607,84.92857142857143,82.5,20.91416066692891,3.2608695652173907,3.0434782608695654,0.7981986300414642,39.01822656113273,40.07246376811594,16.302541766528023,81.85714285714286,81.0,20.282658686332113,81.0,40.07246376811594,3.0434782608695654,multi-path LRS
0.75,0.055,32,14,0.7433130699088146,0.04620364741641337,4.459878419452887,0.765988285886924,0.4375,-3.428872133717218,0.1483356378199784,17.214673913043477,3.0434782608695654,43.082949847555824,39.496047430830046,31.875,2.0,0.0816620627004718,0.6503469861759101,7765.934283088236,14,0.7654051940681824,0.7673488334639877,0.00270610278023221,0.0461684759009987,0.04628571428571428,0.0001632294136008291,4.4610508033000436,4.457142857142857,0.005440980453360951,-3.4288721337172174,-3.441433529611176,0.1483356378199784,3.043478260869565,3.0434782608695654,4.608531526730982e-16,58.62883493318275,55.144927536231876,21.12173020202763,72.14285714285714,69.0,13.732931463944857,3.043478260869565,3.0434782608695654,4.608531526730982e-16,58.62883493318275,55.144927536231876,21.12173020202763,72.14285714285714,69.0,13.732931463944857,3.043478260869565,3.0434782608695654,4.608531526730982e-16,45.259269715791454,44.2391304347826,20.77507190554795,68.5,66.5,12.85271596559683,66.5,44.2391304347826,3.0434782608695654,critical
0.75,0.06,32,18,0.7428571428571429,0.04628571428571428,4.457142857142857,0.7673488334639877,0.5625,-3.3095647197653024,0.20297755896361463,14.36141304347826,3.0434782608695654,53.05476625071919,59.7742474916388,43.09375,60.0,0.07556854320001778,0.6352826361779556,7331.2941176470595,18,0.7673488334639877,0.7673488334639877,0.0,0.04628571428571428,0.04628571428571428,0.0,4.457142857142857,4.457142857142857,0.0,-3.3095647197653024,-3.306339557187206,0.20297755896361463,3.043478260869565,3.0434782608695654,4.569640269980427e-16,64.03493975318356,64.97826086956522,19.222865216380008,76.33333333333333,76.0,17.225152607537073,3.043478260869565,3.0434782608695654,4.569640269980427e-16,64.03493975318356,64.97826086956522,19.222865216380008,76.33333333333333,76.0,17.225152607537073,3.043478260869565,3.0434782608695654,4.569640269980427e-16,48.22576100922222,48.15856777493606,18.25246682461506,73.22222222222223,74.5,16.801805069538545,74.5,48.15856777493606,3.0434782608695654,critical
0.75,0.065,32,16,0.7435410334346505,0.04616261398176291,4.461246200607903,0.7653080120983922,0.5,-3.4424206897272636,0.17689044943601812,16.54891304347826,4.565217391304348,40.796308876811594,40.0,38.90625,24.0,0.08003193060187776,0.668868198880318,8227.153952205883,16,0.7646277383098603,0.7646277383098603,0.002810334990768341,0.04612158054711246,0.04612158054711246,0.00016951659630815805,4.462613981762917,4.462613981762917,0.005650553210271916,-3.4424206897272636,-3.4574453244279706,0.17689044943601814,3.233695652173913,3.0434782608695654,0.7608695652173912,55.102581521739125,52.702898550724626,19.598183576323752,77.375,79.5,16.871573726241426,3.233695652173913,3.0434782608695654,0.7608695652173912,55.102581521739125,52.702898550724626,19.598183576323752,77.375,79.5,16.871573726241426,3.233695652173913,3.0434782608695654,0.7608695652173912,41.88247282608695,43.63043478260869,13.783980561924986,73.875,76.5,16.748631784915048,76.5,43.63043478260869,3.0434782608695654,critical
0.75,0.07,32,13,0.7437657862066013,0.04612215848281176,4.462594717239607,0.7646373196308255,0.40625,-3.4023649833909975,0.31206224560725315,19.592391304347828,9.130434782608695,44.6825177075641,39.94927536231884,32.34375,2.0,0.07742441005711304,0.6473109220189737,8884.640625000002,13,0.76567431336914,0.7673488334639877,0.0026143436601503756,0.04618470890811315,0.04628571428571428,0.00015769459523661285,4.460509703062893,4.457142857142857,0.005256486507887076,-3.4023649833909966,-3.449605520725011,0.31206224560725315,3.043478260869565,3.0434782608695654,4.622227044373279e-16,73.24561173410278,68.12020460358056,21.859012541007704,78.53846153846153,80.0,13.438845341120794,3.043478260869565,3.0434782608695654,4.622227044373279e-16,73.24561173410278,68.12020460358056,21.859012541007704,78.53846153846153,80.0,13.438845341120794,3.043478260869565,3.0434782608695654,4.622227044373279e-16,54.04828731938706,54.347826086956516,21.29794441493301,75.15384615384616,76.0,12.615111003912162,76.0,54.347826086956516,3.0434782608695654,critical
0.75,0.075,32,12,0.7435410334346505,0.04616261398176291,4.461246200607903,0.7653080120983922,0.375,-3.337394093256251,0.20216379047263047,31.10054347826087,16.73913043478261,38.788770544559725,35.0,29.96875,0.0,0.07472652192433145,0.7107192197571873,9707.585018382353,12,0.7650812541688815,0.7673488334639877,0.0028023397114357,0.04614893617021276,0.04628571428571428,0.00016903432905409247,4.461702127659574,4.457142857142857,0.005634477635136397,-3.337394093256251,-3.291539972074755,0.20216379047263058,3.297101449275362,3.0434782608695654,0.8785764965929089,78.30511153736857,81.15942028985506,13.556784882485628,79.83333333333333,77.0,17.636910332045293,3.297101449275362,3.0434782608695654,0.8785764965929089,78.30511153736857,81.15942028985506,13.556784882485628,79.83333333333333,77.0,17.636910332045293,3.297101449275362,3.0434782608695654,0.8785764965929089,55.85945936345553,54.02173913043478,14.066344454094404,76.58333333333333,74.5,17.228192187824177,74.5,54.02173913043478,3.0434782608695654,critical
0.75,0.08,32,15,0.7439937497324371,0.04608112504816131,4.463962498394623,0.7639570458422936,0.46875,-3.6381350852395014,0.20289058108204625,29.293478260869566,10.652173913043478,35.36117720151048,35.0,38.6875,1.5,0.0840521297038349,0.740667295764425,8551.330882352942,15,0.763736036705362,0.7673488334639877,0.004416740245446587,0.046067793998030744,0.04628571428571428,0.00026641335486509294,4.4644068667323085,4.457142857142857,0.008880445162169896,-3.6381350852395014,-3.6475054375474736,0.20289058108204636,3.0434782608695645,3.0434782608695654,9.193520069792627e-16,63.55644596002653,59.8550724637681,21.920191636765015,82.33333333333333,83.0,17.036375648537902,3.0434782608695645,3.0434782608695654,9.193520069792627e-16,63.55644596002653,59.8550724637681,21.920191636765015,82.33333333333333,83.0,17.036375648537902,3.0434782608695645,3.0434782608695654,9.193520069792627e-16,50.26659088756275,45.652173913043484,16.56585679261532,79.33333333333333,79.0,15.949324511745079,79.0,45.652173913043484,3.0434782608695654,critical
0.75,0.085,32,16,0.7439969604863221,0.04608054711246201,4.463981762917933,0.7639474645213284,0.5,-3.5511343772504818,0.24718239747922333,26.440217391304348,4.565217391304348,31.047077612509533,31.956521739130434,46.8125,36.0,0.08242362959117516,0.7190885667889365,8163.468750000002,16,0.7639474645213284,0.7619066431557329,0.0027210951541274397,0.046080547112462004,0.045957446808510646,0.00016413373860181546,4.463981762917933,4.468085106382978,0.005471124620060497,-3.5511343772504818,-3.600317211828734,0.24718239747922327,3.233695652173913,3.0434782608695654,0.7608695652173912,49.91032608695652,44.76449275362319,21.48613197762218,93.375,91.5,13.285957499053904,3.233695652173913,3.0434782608695654,0.7608695652173912,49.91032608695652,44.76449275362319,21.48613197762218,93.375,91.5,13.285957499053904,3.233695652173913,3.0434782608695654,0.7608695652173912,40.01902173913044,33.858695652173914,15.553041296568939,90.6875,86.5,13.00624849831803,86.5,33.858695652173914,3.0434782608695654,critical
0.75,0.09,32,19,0.7435378226807654,0.04616319191746222,4.461226936084593,0.7653175934193573,0.59375,-3.634123670853979,0.19173521588843315,27.67663043478261,3.0434782608695654,37.677536231884055,44.3840579710145,49.71875,64.5,0.07794190820944323,0.6719229302868939,7250.575367647059,19,0.766780005566683,0.7673488334639877,0.0024794633206177206,0.046251403155776756,0.04628571428571428,0.00014955874803634006,4.458286561474107,4.457142857142857,0.004985291601211425,-3.634123670853979,-3.645681005294905,0.19173521588843306,3.363844393592677,3.0434782608695654,0.9596140754331045,58.78489702517162,51.73913043478261,21.581829860538754,83.63157894736842,81.0,16.8332030566437,3.363844393592677,3.0434782608695654,0.9596140754331045,58.78489702517162,51.73913043478261,21.581829860538754,83.63157894736842,81.0,16.8332030566437,3.2036613272311207,3.0434782608695654,0.6982217987364924,44.04805491990846,42.60869565217391,15.90028574757613,80.3157894736842,78.0,16.093658625471598,78.0,42.60869565217391,3.0434782608695654,critical
0.75,0.095,32,23,0.7428571428571429,0.04628571428571428,4.457142857142857,0.7673488334639877,0.71875,-3.739122106731622,0.16430619037386476,7.323369565217392,3.0434782608695654,55.55954936677548,49.20289855072463,63.46875,77.0,0.07400343568471089,0.6451403469252733,6632.903492647059,23,0.7673488334639877,0.7673488334639877,0.0,0.04628571428571427,0.04628571428571428,7.094843575771518e-18,4.457142857142856,4.457142857142857,9.081399776987543e-16,-3.739122106731622,-3.6984541136996496,0.16430619037386482,3.572778827977315,3.0434782608695654,1.1795103109439693,67.72402298394735,60.8695652173913,23.56337309401544,88.1304347826087,91.0,15.693960470732588,3.572778827977315,3.0434782608695654,1.1795103109439693,67.72402298394735,60.8695652173913,23.56337309401544,88.1304347826087,91.0,15.693960470732588,3.440453686200377,3.0434782608695654,1.0480224134894072,53.36674510114962,47.681159420289845,19.39231888882654,84.78260869565217,87.0,15.299900539602834,87.0,47.681159420289845,3.0434782608695654,critical
0.75,0.1,32,19,0.7435410334346505,0.04616261398176291,4.461246200607903,0.7653080120983922,0.59375,-3.8343440720980326,0.13088127216730389,25.679347826086957,3.0434782608695654,39.76383742314449,45.86352657004832,49.59375,69.0,0.07005289634640596,0.6093986256582594,6890.753676470588,19,0.7659166781197101,0.7673488334639877,0.002462122696234128,0.04619932810750279,0.04628571428571428,0.00014851277891414854,4.460022396416574,4.457142857142857,0.004950425963804934,-3.8343440720980326,-3.86856262488047,0.1308812721673039,3.363844393592677,3.0434782608695654,0.9596140754331045,63.12627996209232,63.15217391304347,19.06993788617655,83.47368421052632,86.0,12.496081257083187,3.363844393592677,3.0434782608695654,0.9596140754331045,63.12627996209232,63.15217391304347,19.06993788617655,83.47368421052632,86.0,12.496081257083187,3.363844393592677,3.0434782608695654,0.9596140754331045,48.78989552273305,52.97101449275362,17.329014835823454,80.52631578947368,81.0,12.549317914411088,81.0,52.97101449275362,3.0434782608695654,critical
0.75,0.105,32,19,0.7430851063829788,0.04624468085106383,4.458510638297873,0.7666685596754559,0.59375,-3.7460401918757604,0.23069495220304387,27.391304347826086,3.0434782608695654,38.25245689545961,38.80434782608695,51.1875,68.0,0.07458598944187586,0.6293070450723968,7081.931525735295,19,0.7670624023951322,0.7673488334639877,0.0012485240834315518,0.04626843705007198,0.04628571428571428,7.53097241885089e-05,4.4577187649976,4.457142857142857,0.0025103241396169547,-3.7460401918757604,-3.7445306280248816,0.23069495220304395,3.5240274599542336,3.0434782608695654,1.1401914227951058,63.197120385335495,56.30434782608695,27.225463264635515,86.10526315789474,87.0,16.79250737958948,3.5240274599542336,3.0434782608695654,1.1401914227951058,63.197120385335495,56.30434782608695,27.225463264635515,86.10526315789474,87.0,16.79250737958948,3.5240274599542336,3.0434782608695654,1.1401914227951058,47.01863068281832,39.565217391304344,20.0146717462323,82.89473684210526,82.0,16.162008733934943,82.0,39.565217391304344,3.0434782608695654,critical
0.9,0.055,32,8,0.8958031837916063,0.018755426917510868,5.374819102749638,0.31093729865400405,0.25,-3.3501814938135865,0.19700418591166466,25.394021739130434,19.782608695652172,37.33385947159724,34.84782608695652,15.96875,1.0,0.06601280564113073,0.5323005974552164,9262.99586397059,8,0.31093729865400405,0.31093729865400405,0.0,0.018755426917510868,0.018755426917510868,0.0,5.374819102749638,5.374819102749638,0.0,-3.3501814938135865,-3.4008872976937847,0.19700418591166463,3.0434782608695654,3.0434782608695654,0.0,63.28713768115942,60.8695652173913,23.568516272874877,61.5,63.0,22.174631580125197,3.0434782608695654,3.0434782608695654,0.0,63.28713768115942,60.8695652173913,23.568516272874877,61.5,63.0,22.174631580125197,3.0434782608695654,3.0434782608695654,0.0,46.16757246376811,44.05434782608695,18.669893114187612,57.625,58.0,21.42053420702401,58.0,44.05434782608695,3.0434782608695654,critical
0.9,0.06,32,15,0.8958967513348969,0.01873858475971856,5.375380508009381,0.31065808053380467,0.46875,-3.196442624469032,0.31132731309480416,16.83423913043478,6.086956521739131,49.39297843611702,51.73913043478261,31.03125,3.5,0.06466481181694214,0.5520099146355999,8327.922794117647,15,0.31063946599245806,0.31093729865400405,0.0007859784026770733,0.018737461949199074,0.018755426917510868,4.740943127107815e-05,5.375417935026699,5.374819102749638,0.0015803143757025196,-3.1964426244690314,-3.2377643414284263,0.3113273130948041,3.0434782608695645,3.0434782608695654,9.193520069792627e-16,76.7333913268696,73.04347826086956,27.600114328191395,65.13333333333334,68.0,19.48210412025305,3.0434782608695645,3.0434782608695654,9.193520069792627e-16,76.7333913268696,73.04347826086956,27.600114328191395,65.13333333333334,68.0,19.48210412025305,3.0434782608695645,3.0434782608695654,9.193520069792627e-16,54.31310147179712,46.41304347826087,28.331345613604416,62.6,65.0,18.60798599680102,65.0,46.41304347826087,3.0434782608695654,critical
0.9,0.065,32,8,0.8958967513348969,0.01873858475971856,5.375380508009381,0.31065808053380467,0.25,-3.3836934852602942,0.3165271642039834,26.72554347826087,12.173913043478262,34.77739378979667,35.0,18.71875,0.0,0.06954436159912773,0.6316100944368912,10362.630974264706,8,0.31093729865400405,0.31093729865400405,0.0,0.018755426917510868,0.018755426917510868,0.0,5.374819102749638,5.374819102749638,0.0,-3.3836934852602942,-3.479049620990156,0.31652716420398336,3.0434782608695654,3.0434782608695654,0.0,70.44009387351778,65.71146245059288,37.64709157701673,73.875,75.0,20.38513113591795,3.0434782608695654,3.0434782608695654,0.0,70.44009387351778,65.71146245059288,37.64709157701673,73.875,75.0,20.38513113591795,3.0434782608695654,3.0434782608695654,0.0,53.13031126482213,49.54298418972331,30.163154836494236,71.375,72.5,20.006695307892734,72.5,49.54298418972331,3.0434782608695654,critical
0.9,0.07,32,8,0.8959903188781875,0.01872174260192626,5.375941913269124,0.31037886241360535,0.25,-3.293077912028191,0.3098873053577892,36.141304347826086,22.826086956521742,31.307651204551235,35.0,19.59375,0.0,0.06903527156334995,0.6140904497092474,10061.219669117649,8,0.310099644293406,0.31093729865400405,0.0011560728497633324,0.018704900444133955,0.018755426917510868,6.973315822487408e-05,5.376503318528869,5.374819102749638,0.0023244386074956777,-3.2930779120281906,-3.2757039640913055,0.3098873053577892,3.0434782608695654,3.0434782608695654,0.0,66.79800724637681,66.95652173913044,12.792940312283505,77.625,78.0,8.016723591521485,3.0434782608695654,3.0434782608695654,0.0,66.79800724637681,66.95652173913044,12.792940312283505,77.625,78.0,8.016723591521485,3.0434782608695654,3.0434782608695654,0.0,47.776268115942024,47.93478260869565,9.965752437453604,73.5,73.0,7.521398046336104,73.0,47.93478260869565,3.0434782608695654,critical
0.9,0.075,32,11,0.8959903188781875,0.01872174260192626,5.375941913269124,0.31037886241360535,0.34375,-3.36361374081108,0.27172396277466765,19.497282608695652,7.608695652173913,43.055046912049455,48.611111111111114,28.96875,1.0,0.06633930863960275,0.5961797500273548,9457.107077205883,11,0.3105311632064414,0.31093729865400405,0.000903594327531121,0.018730929233449333,0.018755426917510868,5.450390624234941e-05,5.375635692218356,5.374819102749638,0.001816796874744883,-3.36361374081108,-3.4043605919286524,0.2717239627746676,3.0434782608695654,3.0434782608695654,0.0,62.66073781291174,60.21739130434783,17.67304634762623,83.0,82.0,21.863211109075447,3.0434782608695654,3.0434782608695654,0.0,62.66073781291174,60.21739130434783,17.67304634762623,83.0,82.0,21.863211109075447,3.0434782608695654,3.0434782608695654,0.0,46.88998682476943,50.21739130434782,13.276959403841976,79.9090909090909,77.0,21.04022122248027,77.0,50.21739130434782,3.0434782608695654,critical
0.9,0.08,32,7,0.8959903188781875,0.01872174260192626,5.375941913269124,0.31037886241360535,0.21875,-3.4324532133377157,0.15759072210793454,29.483695652173914,12.173913043478262,30.892707685527633,35.0,16.46875,0.0,0.06483379101607455,0.6118175593468326,10952.205882352942,7,0.3102990858078341,0.31093729865400405,0.001089955935484412,0.01871693055684274,0.018755426917510868,6.57450520724839e-05,5.3761023147719085,5.374819102749638,0.002191501735749346,-3.4324532133377157,-3.492628262338015,0.15759072210793454,3.043478260869566,3.0434782608695654,4.796711693331816e-16,68.63720025356854,61.98550724637681,26.577393900386554,74.71428571428571,69.0,13.51189951751524,3.043478260869566,3.0434782608695654,4.796711693331816e-16,68.63720025356854,61.98550724637681,26.577393900386554,74.71428571428571,69.0,13.51189951751524,3.043478260869566,3.0434782608695654,4.796711693331816e-16,52.98502634052506,49.541062801932355,21.733234196566006,72.0,66.0,13.723459233492601,66.0,49.541062801932355,3.0434782608695654,critical
0.9,0.085,32,11,0.8959903188781875,0.01872174260192626,5.375941913269124,0.31037886241360535,0.34375,-3.4202253693757583,0.23780213494081948,37.377717391304344,15.217391304347828,29.64441287878788,6.211462450592887,26.5,0.0,0.06246339597270975,0.6569909394898571,9515.164062500002,11,0.3105311632064414,0.31093729865400405,0.0009035943275311212,0.018730929233449333,0.018755426917510868,5.450390624234941e-05,5.375635692218356,5.374819102749638,0.0018167968747448832,-3.4202253693757583,-3.4113875361863983,0.23780213494081948,3.0434782608695654,3.0434782608695654,0.0,74.02916516948137,60.8695652173913,27.9075467311082,76.72727272727273,76.0,19.85996429549111,3.0434782608695654,3.0434782608695654,0.0,74.02916516948137,60.8695652173913,27.9075467311082,76.72727272727273,76.0,19.85996429549111,3.0434782608695654,3.0434782608695654,0.0,54.38489639477782,44.56521739130434,20.809980520929074,73.0,70.0,19.56527536223296,70.0,44.56521739130434,3.0434782608695654,critical
0.9,0.09,32,16,0.8958967513348969,0.01873858475971856,5.375380508009381,0.31065808053380467,0.5,-3.4383258399128143,0.18487523881789938,33.002717391304344,6.086956521739131,39.93813118893042,35.76086956521739,44.5,36.5,0.06483155119046186,0.5745654381109893,7888.963235294118,16,0.3107976895939044,0.31093729865400405,0.0005584362403987103,0.018747005838614716,0.018755426917510868,3.368431558460963e-05,5.375099805379509,5.374819102749638,0.0011228105194869276,-3.4383258399128143,-3.452372001067479,0.18487523881789944,3.233695652173913,3.0434782608695654,0.7608695652173912,73.31376237786083,75.57971014492753,17.550763072416387,89.0,88.5,10.893423092245461,3.233695652173913,3.0434782608695654,0.7608695652173912,73.31376237786083,75.57971014492753,17.550763072416387,89.0,88.5,10.893423092245461,3.233695652173913,3.0434782608695654,0.7608695652173912,55.71865368220866,57.97826086956521,16.919646436834647,86.0625,83.5,11.298783120318754,83.5,57.97826086956521,3.0434782608695654,critical
0.9,0.095,32,17,0.8958031837916063,0.018755426917510868,5.374819102749638,0.31093729865400405,0.53125,-3.68341146423284,0.13067261765395355,27.866847826086957,4.565217391304348,36.07297718355103,35.0,45.25,59.5,0.06493802487437242,0.5524759615518033,8083.024356617647,17,0.31093729865400405,0.31093729865400405,0.0,0.018755426917510868,0.018755426917510868,0.0,5.374819102749638,5.374819102749638,0.0,-3.6834114642328397,-3.712067844455748,0.13067261765395363,3.2225063938618925,3.0434782608695654,0.7381519022844917,59.76507053617028,56.30434782608695,21.973987991696106,85.11764705882354,88.0,17.67018093052946,3.2225063938618925,3.0434782608695654,0.7381519022844917,59.76507053617028,56.30434782608695,21.973987991696106,85.11764705882354,88.0,17.67018093052946,3.2225063938618925,3.0434782608695654,0.7381519022844917,42.7126408686511,36.52173913043478,16.188639196043688,82.58823529411765,86.0,17.69907774267282,86.0,36.52173913043478,3.0434782608695654,critical
0.9,0.1,32,14,0.8958967513348969,0.01873858475971856,5.375380508009381,0.31065808053380467,0.4375,-3.5530526823561877,0.2977576457607937,33.57336956521739,13.695652173913045,40.47809171775637,35.0,38.40625,0.0,0.06406941318597893,0.5561380707437622,8498.777573529413,14,0.3106181922309191,0.31093729865400405,0.0008111543710304486,0.018736178737176805,0.018755426917510868,4.8928020506185376e-05,5.375460708760775,5.374819102749638,0.0016309340168727587,-3.553052682356188,-3.672613663974656,0.2977576457607936,3.2608695652173907,3.0434782608695654,0.8134037797334656,79.43496805836959,75.32608695652173,19.526386641670133,87.71428571428571,90.0,18.22689716380109,3.2608695652173907,3.0434782608695654,0.8134037797334656,79.43496805836959,75.32608695652173,19.526386641670133,87.71428571428571,90.0,18.22689716380109,3.2608695652173907,3.0434782608695654,0.8134037797334656,59.86975066706524,60.24703557312253,17.66137913941684,84.78571428571429,86.5,17.44079466885952,86.5,60.24703557312253,3.0434782608695654,critical
0.9,0.105,32,24,0.8959903188781875,0.01872174260192626,5.375941913269124,0.31037886241360535,0.75,-3.7902877692571426,0.14142751586729418,19.02173913043478,3.0434782608695654,41.23053908651735,44.13043478260869,68.53125,89.0,0.06387813520145028,0.5152538499246565,6309.708639705883,24,0.3102857897068722,0.31093729865400405,0.0010371403426379462,0.018716128549328827,0.018755426917510868,6.255926832757795e-05,5.376129048355705,5.374819102749638,0.0020853089442524867,-3.790287769257142,-3.8140748399661932,0.1414275158672943,3.423913043478261,3.0434782608695654,1.0281842332272249,53.84542892695067,50.97826086956522,22.719022324981744,91.375,93.0,15.19671732287287,3.423913043478261,3.0434782608695654,1.0281842332272249,53.84542892695067,50.97826086956522,22.719022324981744,91.375,93.0,15.19671732287287,3.423913043478261,3.0434782608695654,1.0281842332272249,39.980694627433756,38.04347826086956,16.45069096950584,87.5,89.5,14.937551164183796,89.5,38.04347826086956,3.0434782608695654,critical
