zone_tag,source,m_target,m_actual,E,T,sigma_E,lc,Delta,formed_prob,branches,tortuosity,zmax
z<=10,mE,0.25,0.2463768115942029,0.045,700.0,0.1356521739130435,1.4782608695652175,2.2489128452567764,0.0,,,10.0
z<=10,mE,0.25,0.2463768115942029,0.055,700.0,0.1356521739130435,1.4782608695652175,2.2489128452567764,0.0,,,10.0
z<=10,mE,0.25,0.24362636200148102,0.065,700.0,0.13614725483973342,1.4617581720088864,2.257120556370852,0.0,,,10.0
z<=10,mE,0.25,0.249087686372641,0.075,700.0,0.13516421645292462,1.494526118235846,2.2408232307054927,0.25,39.0,50.72463768115941,10.0
z<=10,mE,0.25,0.24087591240875916,0.085,700.0,0.13664233576642335,1.445255474452555,2.2653282674849278,0.5,77.0,54.10628019323671,10.0
z<=10,mE,0.25,0.24633723677991914,0.095,700.0,0.13565929737961455,1.4780234206795149,2.2490309418195684,0.5,87.0,55.03623188405796,10.0
z<=10,mE,0.25,0.24087591240875916,0.105,700.0,0.13664233576642335,1.445255474452555,2.2653282674849278,0.5,83.5,60.359683794466406,10.0
z<=10,mE,0.25,0.24900938477580814,0.115,700.0,0.13517831074035452,1.4940563086548488,2.2410568931904464,1.0,84.5,25.56521739130435,10.0
z<=10,mE,0.25,0.24087591240875916,0.125,700.0,0.13664233576642335,1.445255474452555,2.2653282674849278,1.0,66.5,33.63043478260869,10.0
z<=10,mE,0.5,0.4909023590394584,0.045,700.0,0.09163757537289749,2.9454141542367505,1.5192157590957658,0.25,38.0,90.69565217391303,10.0
z<=10,mE,0.5,0.48905109489051096,0.055,700.0,0.09197080291970804,2.934306569343066,1.5247401800379323,0.0,,,10.0
z<=10,mE,0.5,0.4909023590394584,0.065,700.0,0.09163757537289749,2.9454141542367505,1.5192157590957658,0.0,,,10.0
z<=10,mE,0.5,0.48905109489051096,0.075,700.0,0.09197080291970804,2.934306569343066,1.5247401800379323,1.0,53.5,17.5,10.0
z<=10,mE,0.5,0.4909023590394584,0.085,700.0,0.09163757537289749,2.9454141542367505,1.5192157590957658,0.5,69.0,61.992753623188406,10.0
z<=10,mE,0.5,0.4909023590394584,0.095,700.0,0.09163757537289749,2.9454141542367505,1.5192157590957658,0.5,91.5,33.93939393939394,10.0
z<=10,mE,0.5,0.48905109489051096,0.105,700.0,0.09197080291970804,2.934306569343066,1.5247401800379323,0.5,80.5,48.94927536231883,10.0
z<=10,mE,0.5,0.48905109489051096,0.115,700.0,0.09197080291970804,2.934306569343066,1.5247401800379323,0.75,76.0,38.04347826086956,10.0
z<=10,mE,0.5,0.4909023590394584,0.125,700.0,0.09163757537289749,2.9454141542367505,1.5192157590957658,1.0,75.0,27.543478260869563,10.0
z<=10,mE,0.75,0.708029197080292,0.045,700.0,0.05255474452554744,4.248175182481752,0.8712801028788183,0.0,,,10.0
z<=10,mE,0.75,0.708029197080292,0.055,700.0,0.05255474452554744,4.248175182481752,0.8712801028788183,0.0,,,10.0
z<=10,mE,0.75,0.708029197080292,0.065,700.0,0.05255474452554744,4.248175182481752,0.8712801028788183,0.0,,,10.0
z<=10,mE,0.75,0.708029197080292,0.075,700.0,0.05255474452554744,4.248175182481752,0.8712801028788183,0.5,83.5,42.34782608695651,10.0
z<=10,mE,0.75,0.708029197080292,0.085,700.0,0.05255474452554744,4.248175182481752,0.8712801028788183,0.5,85.0,57.31884057971014,10.0
z<=10,mE,0.75,0.708029197080292,0.095,700.0,0.05255474452554744,4.248175182481752,0.8712801028788183,0.75,93.0,62.028985507246375,10.0
z<=10,mE,0.75,0.708029197080292,0.105,700.0,0.05255474452554744,4.248175182481752,0.8712801028788183,1.0,83.5,38.55072463768116,10.0
z<=10,mE,0.75,0.708029197080292,0.115,700.0,0.05255474452554744,4.248175182481752,0.8712801028788183,1.0,62.5,39.48067632850241,10.0
z<=10,mE,0.75,0.708029197080292,0.125,700.0,0.05255474452554744,4.248175182481752,0.8712801028788183,1.0,77.5,32.17391304347825,10.0
z<=12,mE,0.25,0.249087686372641,0.045,700.0,0.13516421645292462,1.494526118235846,2.2408232307054927,0.0,,,12.0
z<=12,mE,0.25,0.2517985611510791,0.055,700.0,0.13467625899280575,1.5107913669064748,2.2327336161542095,0.25,55.0,92.82608695652173,12.0
z<=12,mE,0.25,0.249087686372641,0.065,700.0,0.13516421645292462,1.494526118235846,2.2408232307054927,0.25,43.0,40.57971014492754,12.0
z<=12,mE,0.25,0.25175983436853006,0.075,700.0,0.1346832298136646,1.5105590062111802,2.2328491820763707,0.0,,,12.0
z<=12,mE,0.25,0.249087686372641,0.085,700.0,0.13516421645292462,1.494526118235846,2.2408232307054927,0.5,52.0,35.380434782608695,12.0
z<=12,mE,0.25,0.2517985611510791,0.095,700.0,0.13467625899280575,1.5107913669064748,2.2327336161542095,0.5,79.5,55.16304347826087,12.0
z<=12,mE,0.25,0.24362636200148102,0.105,700.0,0.13614725483973342,1.4617581720088864,2.257120556370852,0.5,68.5,49.12681159420289,12.0
z<=12,mE,0.25,0.249087686372641,0.115,700.0,0.13516421645292462,1.494526118235846,2.2408232307054927,1.0,69.0,33.0685618729097,12.0
z<=12,mE,0.25,0.249087686372641,0.125,700.0,0.13516421645292462,1.494526118235846,2.2408232307054927,1.0,61.5,42.60869565217391,12.0
z<=12,mE,0.5,0.4890510948905109,0.045,700.0,0.09197080291970804,2.9343065693430654,1.5247401800379323,0.0,,,12.0
z<=12,mE,0.5,0.49457825044312376,0.055,700.0,0.09097591492023771,2.9674695026587425,1.5082464052825433,0.0,,,12.0
z<=12,mE,0.5,0.49457825044312376,0.065,700.0,0.09097591492023771,2.9674695026587425,1.5082464052825433,0.25,68.0,42.10144927536231,12.0
z<=12,mE,0.5,0.4963768115942029,0.075,700.0,0.09065217391304348,2.978260869565217,1.502879257166788,0.75,68.0,23.586956521739125,12.0
z<=12,mE,0.5,0.4890510948905109,0.085,700.0,0.09197080291970804,2.9343065693430654,1.5247401800379323,1.0,85.5,41.34057971014492,12.0
z<=12,mE,0.5,0.49272698629417633,0.095,700.0,0.09130914246704826,2.956361917765058,1.5137708262247096,0.5,95.0,28.278985507246375,12.0
z<=12,mE,0.5,0.49090235903945834,0.105,700.0,0.09163757537289749,2.94541415423675,1.5192157590957658,0.75,90.0,41.847826086956516,12.0
z<=12,mE,0.5,0.49272698629417633,0.115,700.0,0.09130914246704826,2.956361917765058,1.5137708262247096,0.75,92.0,38.04347826086956,12.0
z<=12,mE,0.5,0.49457825044312376,0.125,700.0,0.09097591492023771,2.9674695026587425,1.5082464052825433,1.0,78.0,45.65217391304347,12.0
z<=12,mE,0.75,0.7391167358084336,0.045,700.0,0.046958987554481954,4.434700414850601,0.7785107106298506,0.0,,,12.0
z<=12,mE,0.75,0.7381783560774358,0.055,700.0,0.04712789590606156,4.429070136464615,0.7813109618206795,0.0,,,12.0
z<=12,mE,0.75,0.7391304347826088,0.065,700.0,0.046956521739130425,4.434782608695652,0.7784698310504223,0.25,45.0,16.956521739130437,12.0
z<=12,mE,0.75,0.7372262773722628,0.075,700.0,0.0472992700729927,4.423357664233577,0.7841520925909365,0.25,73.0,38.04347826086956,12.0
z<=12,mE,0.75,0.7381783560774358,0.085,700.0,0.04712789590606156,4.429070136464615,0.7813109618206795,0.5,89.0,44.0133779264214,12.0
z<=12,mE,0.75,0.7391304347826088,0.095,700.0,0.046956521739130425,4.434782608695652,0.7784698310504223,0.25,90.0,57.318840579710134,12.0
z<=12,mE,0.75,0.7372262773722628,0.105,700.0,0.0472992700729927,4.423357664233577,0.7841520925909365,0.5,41.0,34.2391304347826,12.0
z<=12,mE,0.75,0.7381783560774358,0.115,700.0,0.04712789590606156,4.429070136464615,0.7813109618206795,1.0,83.0,47.771739130434774,12.0
z<=12,mE,0.75,0.7381783560774358,0.125,700.0,0.04712789590606156,4.429070136464615,0.7813109618206795,1.0,83.0,40.57971014492753,12.0
z<=15,mE,0.25,0.24519991422726298,0.045,700.0,0.13586401543909266,1.4711994853635777,2.2524248651186634,0.0,,,15.0
z<=15,mE,0.25,0.2503572830482056,0.055,700.0,0.13493568905132297,1.5021436982892336,2.2370345836522985,0.0,,,15.0
z<=15,mE,0.25,0.242603550295858,0.065,700.0,0.13633136094674556,1.455621301775148,2.2601727639175975,0.0,,,15.0
z<=15,mE,0.25,0.2503572830482056,0.075,700.0,0.13493568905132297,1.5021436982892336,2.2370345836522985,0.25,92.0,41.69565217391303,15.0
z<=15,mE,0.25,0.24519991422726298,0.085,700.0,0.13586401543909266,1.4711994853635777,2.2524248651186634,0.25,97.0,21.304347826086957,15.0
z<=15,mE,0.25,0.2503572830482056,0.095,700.0,0.13493568905132297,1.5021436982892336,2.2370345836522985,0.5,87.5,62.39130434782608,15.0
z<=15,mE,0.25,0.24519991422726298,0.105,700.0,0.13586401543909266,1.4711994853635777,2.2524248651186634,0.5,87.0,59.90579710144927,15.0
z<=15,mE,0.25,0.24519991422726298,0.115,700.0,0.13586401543909266,1.4711994853635777,2.2524248651186634,1.0,75.5,24.34782608695652,15.0
z<=15,mE,0.25,0.24519991422726298,0.125,700.0,0.13586401543909266,1.4711994853635777,2.2524248651186634,1.0,66.5,38.61413043478261,15.0
z<=15,mE,0.5,0.4869739478957916,0.045,700.0,0.0923446893787575,2.92184368737475,1.5309386657397754,0.0,,,15.0
z<=15,mE,0.5,0.4905225470704255,0.055,700.0,0.09170594152732342,2.9431352824225527,1.5203491690399944,0.0,,,15.0
z<=15,mE,0.5,0.4905225470704255,0.065,700.0,0.09170594152732342,2.9431352824225527,1.5203491690399944,0.0,,,15.0
z<=15,mE,0.5,0.490547263681592,0.075,700.0,0.09170149253731344,2.943283582089552,1.5202754113515384,1.0,79.0,29.673913043478258,15.0
z<=15,mE,0.5,0.490547263681592,0.085,700.0,0.09170149253731344,2.943283582089552,1.5202754113515384,0.75,57.0,72.02898550724638,15.0
z<=15,mE,0.5,0.4869739478957916,0.095,700.0,0.0923446893787575,2.92184368737475,1.5309386657397754,0.5,118.0,45.90579710144927,15.0
z<=15,mE,0.5,0.4869739478957916,0.105,700.0,0.0923446893787575,2.92184368737475,1.5309386657397754,0.75,81.0,34.565217391304344,15.0
z<=15,mE,0.5,0.49230920496332564,0.115,700.0,0.09138434310660137,2.953855229779954,1.515017541845876,1.0,76.5,41.847826086956516,15.0
z<=15,mE,0.5,0.4869739478957916,0.125,700.0,0.0923446893787575,2.92184368737475,1.5309386657397754,1.0,88.0,42.725752508361204,15.0
z<=15,mE,0.75,0.7420622835122086,0.045,700.0,0.04642878896780245,4.452373701073252,0.7697208005405005,0.0,,,15.0
z<=15,mE,0.75,0.7392942884550568,0.055,700.0,0.04692702807808975,4.435765730730341,0.7779808696777095,0.0,,,15.0
z<=15,mE,0.75,0.7411526794742164,0.065,700.0,0.04659251769464105,4.446916076845298,0.7724351811973185,0.5,50.5,25.362318840579704,15.0
z<=15,mE,0.75,0.7383717165387227,0.075,700.0,0.04709309102302993,4.430230299232336,0.7807339482257651,0.75,64.0,50.217391304347814,15.0
z<=15,mE,0.75,0.7402301075578821,0.085,700.0,0.04675858063958122,4.441380645347293,0.7751882597453741,0.75,72.0,35.67632850241546,15.0
z<=15,mE,0.75,0.7383717165387227,0.095,700.0,0.04709309102302993,4.430230299232336,0.7807339482257651,1.0,81.5,62.746376811594196,15.0
z<=15,mE,0.75,0.7402301075578821,0.105,700.0,0.04675858063958122,4.441380645347293,0.7751882597453741,0.75,87.0,48.69565217391304,15.0
z<=15,mE,0.75,0.7402301075578821,0.115,700.0,0.04675858063958122,4.441380645347293,0.7751882597453741,1.0,95.0,42.60869565217391,15.0
z<=15,mE,0.75,0.7393075356415478,0.125,700.0,0.04692464358452139,4.435845213849287,0.7779413382934298,0.75,80.0,42.91304347826087,15.0
z<=17,mE,0.25,0.2403100775193799,0.045,700.0,0.13674418604651162,1.4418604651162794,2.267016794816088,0.0,,,17.0
z<=17,mE,0.25,0.2376745530701843,0.055,700.0,0.13721858044736684,1.426047318421106,2.2748815538614173,0.0,,,17.0
z<=17,mE,0.25,0.23503902862098874,0.065,700.0,0.13769297484822204,1.4102341717259326,2.2827463129067467,0.0,,,17.0
z<=17,mE,0.25,0.2403100775193799,0.075,700.0,0.13674418604651162,1.4418604651162794,2.267016794816088,0.25,0.0,35.391304347826086,17.0
z<=17,mE,0.25,0.23503902862098874,0.085,700.0,0.13769297484822204,1.4102341717259326,2.2827463129067467,0.5,93.5,49.076086956521735,17.0
z<=17,mE,0.25,0.2455089820359282,0.095,700.0,0.13580838323353292,1.4730538922155691,2.251502565253617,1.0,76.5,50.47101449275362,17.0
z<=17,mE,0.25,0.23503902862098874,0.105,700.0,0.13769297484822204,1.4102341717259326,2.2827463129067467,0.75,75.0,21.608695652173918,17.0
z<=17,mE,0.25,0.2403100775193799,0.115,700.0,0.13674418604651162,1.4418604651162794,2.267016794816088,1.0,78.5,23.58695652173913,17.0
z<=17,mE,0.25,0.2376745530701843,0.125,700.0,0.13721858044736684,1.426047318421106,2.2748815538614173,1.0,73.5,40.63938618925831,17.0
z<=17,mE,0.5,0.4964788732394366,0.045,700.0,0.0906338028169014,2.97887323943662,1.5025746915051874,0.0,,,17.0
z<=17,mE,0.5,0.4929577464788732,0.055,700.0,0.09126760563380282,2.957746478873239,1.5130822068303986,0.5,75.0,33.05555555555556,17.0
z<=17,mE,0.5,0.4911597243032664,0.065,700.0,0.09159124962541206,2.9469583458195983,1.5184477465709323,0.0,,,17.0
z<=17,mE,0.5,0.49293259931557803,0.075,700.0,0.09127213212319596,2.9575955958934683,1.5131572493442524,1.0,86.5,55.54347826086956,17.0
z<=17,mE,0.5,0.49473062149118485,0.085,700.0,0.09094848813158671,2.968383728947109,1.5077917096037188,0.5,83.0,59.60144927536232,17.0
z<=17,mE,0.5,0.4929577464788732,0.095,700.0,0.09126760563380282,2.957746478873239,1.5130822068303986,0.75,66.0,34.65415019762846,17.0
z<=17,mE,0.5,0.49650349650349657,0.105,700.0,0.09062937062937061,2.979020979020979,1.502501212377039,0.5,86.0,31.95652173913043,17.0
z<=17,mE,0.5,0.49650349650349657,0.115,700.0,0.09062937062937061,2.979020979020979,1.502501212377039,0.5,68.5,42.60869565217391,17.0
z<=17,mE,0.5,0.4946808510638298,0.125,700.0,0.09095744680851064,2.968085106382979,1.5079402312457209,1.0,80.5,44.045893719806756,17.0
z<=17,mE,0.75,0.7437689969604863,0.045,700.0,0.046121580547112476,4.462613981762917,0.7646277383098605,0.25,43.0,59.17874396135265,17.0
z<=17,mE,0.75,0.7410071942446044,0.055,700.0,0.04661870503597121,4.446043165467627,0.7728693286687646,0.0,,,17.0
z<=17,mE,0.75,0.7437689969604863,0.065,700.0,0.046121580547112476,4.462613981762917,0.7646277383098605,0.25,74.0,27.043478260869552,17.0
z<=17,mE,0.75,0.7446808510638298,0.075,700.0,0.045957446808510646,4.468085106382978,0.7619066431557329,0.5,54.0,59.60144927536231,17.0
z<=17,mE,0.75,0.7428571428571428,0.085,700.0,0.0462857142857143,4.457142857142856,0.7673488334639881,0.75,68.0,30.434782608695652,17.0
z<=17,mE,0.75,0.742844022654217,0.095,700.0,0.04628807592224093,4.457064135925302,0.7673879859122488,0.5,102.0,38.7536231884058,17.0
z<=17,mE,0.75,0.7437689969604863,0.105,700.0,0.046121580547112476,4.462613981762917,0.7646277383098605,0.5,89.0,55.79710144927535,17.0
z<=17,mE,0.75,0.7428571428571428,0.115,700.0,0.0462857142857143,4.457142857142856,0.7673488334639881,0.75,94.0,20.391304347826082,17.0
z<=17,mE,0.75,0.7446680080482897,0.125,700.0,0.04595975855130785,4.468008048289738,0.7619449684395937,1.0,76.5,50.597826086956516,17.0
z<=19,mE,0.25,0.24086163446537856,0.045,700.0,0.13664490579623184,1.4451698067922716,2.2653708747862504,0.0,,,19.0
z<=19,mE,0.25,0.24615384615384614,0.055,700.0,0.1356923076923077,1.4769230769230768,2.249578204086734,0.0,,,19.0
z<=19,mE,0.25,0.248745372274784,0.065,700.0,0.13522583299053886,1.4924722336487042,2.241844741964205,0.0,,,19.0
z<=19,mE,0.25,0.2513368983957219,0.075,700.0,0.13475935828877006,1.5080213903743314,2.234111279841676,0.0,,,19.0
z<=19,mE,0.25,0.2435261872132515,0.085,700.0,0.13616528630161473,1.4611571232795089,2.257419491397648,0.5,71.5,28.152173913043477,19.0
z<=19,mE,0.25,0.248745372274784,0.095,700.0,0.13522583299053886,1.4924722336487042,2.241844741964205,0.5,86.0,66.95652173913042,19.0
z<=19,mE,0.25,0.24086163446537856,0.105,700.0,0.13664490579623184,1.4451698067922716,2.2653708747862504,0.5,89.5,41.367276887871846,19.0
z<=19,mE,0.25,0.248745372274784,0.115,700.0,0.13522583299053886,1.4924722336487042,2.241844741964205,1.0,82.0,29.521739130434778,19.0
z<=19,mE,0.25,0.2435261872132515,0.125,700.0,0.13616528630161473,1.4611571232795089,2.257419491397648,1.0,89.0,45.65217391304347,19.0
z<=19,mE,0.5,0.5011445873896118,0.045,700.0,0.08979397426986988,3.0068675243376703,1.488651573631358,0.0,,,19.0
z<=19,mE,0.5,0.5046439628482973,0.055,700.0,0.08916408668730649,3.0278637770897836,1.4782089671132892,0.0,,,19.0
z<=19,mE,0.5,0.4994071733855723,0.065,700.0,0.09010670879059698,2.9964430403134337,1.4938362504450835,0.0,,,19.0
z<=19,mE,0.5,0.5046439628482973,0.075,700.0,0.08916408668730649,3.0278637770897836,1.4782089671132892,1.0,67.5,19.927536231884062,19.0
z<=19,mE,0.5,0.5011691348402183,0.085,700.0,0.0897895557287607,3.00701480904131,1.4885783207407401,0.5,95.0,55.13768115942028,19.0
z<=19,mE,0.5,0.4994071733855723,0.095,700.0,0.09010670879059698,2.9964430403134337,1.4938362504450835,0.5,58.5,19.630434782608695,19.0
z<=19,mE,0.5,0.5046439628482973,0.105,700.0,0.08916408668730649,3.0278637770897836,1.4782089671132892,0.75,85.0,31.95652173913043,19.0
z<=19,mE,0.5,0.4976452119309262,0.115,700.0,0.09042386185243327,2.985871271585557,1.4990941801494269,0.5,93.5,37.28260869565217,19.0
z<=19,mE,0.5,0.5011691348402183,0.125,700.0,0.0897895557287607,3.00701480904131,1.4885783207407401,0.5,108.5,39.565217391304344,19.0
z<=19,mE,0.75,0.7474348855564326,0.045,700.0,0.04546172059984214,4.484609313338595,0.7536882342187725,0.25,89.0,85.21739130434781,19.0
z<=19,mE,0.75,0.7465314332392656,0.055,700.0,0.0456243420169322,4.479188599435593,0.7563842573141497,0.0,,,19.0
z<=19,mE,0.75,0.7465314332392656,0.065,700.0,0.0456243420169322,4.479188599435593,0.7563842573141497,0.5,84.0,27.35507246376811,19.0
z<=19,mE,0.75,0.7474221409312687,0.075,700.0,0.045464014632371624,4.484532845587612,0.7537262658925319,0.5,80.0,44.13043478260869,19.0
z<=19,mE,0.75,0.7447115084754607,0.085,700.0,0.04595192847441705,4.468269050852765,0.7618151573205301,0.75,88.0,34.99999999999999,19.0
z<=19,mE,0.75,0.7465314332392656,0.095,700.0,0.0456243420169322,4.479188599435593,0.7563842573141497,1.0,81.0,46.666666666666664,19.0
z<=19,mE,0.75,0.7474348855564326,0.105,700.0,0.04546172059984214,4.484609313338595,0.7536882342187725,0.75,87.0,39.56521739130434,19.0
z<=19,mE,0.75,0.7456149607926278,0.115,700.0,0.04578930705732699,4.4736897647557665,0.7591191342251529,0.75,74.0,47.17391304347826,19.0
z<=19,mE,0.75,0.7474348855564326,0.125,700.0,0.04546172059984214,4.484609313338595,0.7536882342187725,1.0,88.0,45.76086956521739,19.0
z<=22,mE,0.25,0.249087686372641,0.045,700.0,0.13516421645292462,1.494526118235846,2.2408232307054927,0.0,,,22.0
z<=22,mE,0.25,0.2517985611510791,0.055,700.0,0.13467625899280575,1.5107913669064748,2.2327336161542095,0.0,,,22.0
z<=22,mE,0.25,0.2544707091469681,0.065,700.0,0.13419527235354572,1.5268242548818087,2.224759567525087,0.25,107.0,45.14492753623187,22.0
z<=22,mE,0.25,0.2544707091469681,0.075,700.0,0.13419527235354572,1.5268242548818087,2.224759567525087,0.0,,,22.0
z<=22,mE,0.25,0.2544707091469681,0.085,700.0,0.13419527235354572,1.5268242548818087,2.224759567525087,0.25,94.0,64.67391304347825,22.0
z<=22,mE,0.25,0.2571428571428571,0.095,700.0,0.1337142857142857,1.5428571428571427,2.216785518895965,1.0,83.5,39.71739130434783,22.0
z<=22,mE,0.25,0.25175983436853,0.105,700.0,0.1346832298136646,1.5105590062111802,2.2328491820763707,0.25,76.0,45.434782608695656,22.0
z<=22,mE,0.25,0.2544707091469681,0.115,700.0,0.13419527235354572,1.5268242548818087,2.224759567525087,1.0,64.0,30.517786561264817,22.0
z<=22,mE,0.25,0.24900938477580814,0.125,700.0,0.13517831074035452,1.4940563086548488,2.2410568931904464,1.0,77.0,33.85869565217391,22.0
z<=22,mE,0.5,0.4982014388489209,0.045,700.0,0.09032374100719423,2.9892086330935252,1.4974343242957318,0.25,63.0,44.13043478260869,22.0
z<=22,mE,0.5,0.49457825044312376,0.055,700.0,0.09097591492023771,2.9674695026587425,1.5082464052825433,0.0,,,22.0
z<=22,mE,0.5,0.49272698629417633,0.065,700.0,0.09130914246704826,2.956361917765058,1.5137708262247096,0.25,73.0,57.826086956521735,22.0
z<=22,mE,0.5,0.49457825044312376,0.075,700.0,0.09097591492023771,2.9674695026587425,1.5082464052825433,0.75,87.0,38.04347826086956,22.0
z<=22,mE,0.5,0.49272698629417633,0.085,700.0,0.09130914246704826,2.956361917765058,1.5137708262247096,0.5,76.0,60.20213577421815,22.0
z<=22,mE,0.5,0.49272698629417633,0.095,700.0,0.09130914246704826,2.956361917765058,1.5137708262247096,0.75,68.0,30.43478260869564,22.0
z<=22,mE,0.5,0.49457825044312376,0.105,700.0,0.09097591492023771,2.9674695026587425,1.5082464052825433,0.75,86.0,38.04347826086956,22.0
z<=22,mE,0.5,0.49640287769784175,0.115,700.0,0.09064748201438848,2.9784172661870505,1.5028014724114869,0.75,102.0,50.72463768115942,22.0
z<=22,mE,0.5,0.49640287769784175,0.125,700.0,0.09064748201438848,2.9784172661870505,1.5028014724114869,0.75,93.0,41.086956521739125,22.0
z<=22,mE,0.75,0.7428571428571429,0.045,700.0,0.04628571428571428,4.457142857142857,0.7673488334639877,0.25,57.0,28.30434782608695,22.0
z<=22,mE,0.75,0.7391304347826088,0.055,700.0,0.046956521739130425,4.434782608695652,0.7784698310504223,0.0,,,22.0
z<=22,mE,0.75,0.7419321685508736,0.065,700.0,0.04645220966084274,4.451593011305242,0.7701090810663762,0.75,62.0,16.73913043478261,22.0
z<=22,mE,0.75,0.7391304347826088,0.075,700.0,0.046956521739130425,4.434782608695652,0.7784698310504223,0.25,59.0,45.65217391304348,22.0
z<=22,mE,0.75,0.7391304347826088,0.085,700.0,0.046956521739130425,4.434782608695652,0.7784698310504223,0.5,82.5,33.47826086956522,22.0
z<=22,mE,0.75,0.7410071942446044,0.095,700.0,0.04661870503597121,4.446043165467627,0.7728693286687646,0.25,117.0,39.65473145780051,22.0
z<=22,mE,0.75,0.7419321685508736,0.105,700.0,0.04645220966084274,4.451593011305242,0.7701090810663762,1.0,91.5,36.521739130434774,22.0
z<=22,mE,0.75,0.7372262773722628,0.115,700.0,0.0472992700729927,4.423357664233577,0.7841520925909365,1.0,83.5,57.3695652173913,22.0
z<=22,mE,0.75,0.7400688145136065,0.125,700.0,0.04678761338755082,4.4404128870816395,0.7756695798595934,1.0,90.5,48.086956521739125,22.0
z<=24,mE,0.25,0.2517985611510791,0.045,700.0,0.13467625899280575,1.5107913669064748,2.2327336161542095,0.0,,,24.0
z<=24,mE,0.25,0.25175983436853006,0.055,700.0,0.1346832298136646,1.5105590062111802,2.2328491820763707,0.25,66.0,81.26086956521738,24.0
z<=24,mE,0.25,0.25175983436853006,0.065,700.0,0.1346832298136646,1.5105590062111802,2.2328491820763707,0.0,,,24.0
z<=24,mE,0.25,0.2517985611510791,0.075,700.0,0.13467625899280575,1.5107913669064748,2.2327336161542095,0.0,,,24.0
z<=24,mE,0.25,0.25175983436853006,0.085,700.0,0.1346832298136646,1.5105590062111802,2.2328491820763707,0.5,67.5,33.81841432225063,24.0
z<=24,mE,0.25,0.2571428571428572,0.095,700.0,0.1337142857142857,1.5428571428571431,2.216785518895965,0.5,68.0,34.543478260869556,24.0
z<=24,mE,0.25,0.249087686372641,0.105,700.0,0.13516421645292462,1.494526118235846,2.2408232307054927,0.5,70.0,58.03708439897699,24.0
z<=24,mE,0.25,0.249087686372641,0.115,700.0,0.13516421645292462,1.494526118235846,2.2408232307054927,1.0,82.5,20.39130434782609,24.0
z<=24,mE,0.25,0.2544707091469681,0.125,700.0,0.13419527235354572,1.526824254881809,2.224759567525087,1.0,72.0,35.76086956521739,24.0
z<=24,mE,0.5,0.49999999999999994,0.045,700.0,0.09,2.9999999999999996,1.4920671761799764,0.0,,,24.0
z<=24,mE,0.5,0.49272698629417633,0.055,700.0,0.09130914246704826,2.956361917765058,1.5137708262247096,0.0,,,24.0
z<=24,mE,0.5,0.4963768115942029,0.065,700.0,0.09065217391304348,2.978260869565217,1.502879257166788,0.25,85.0,27.391304347826082,24.0
z<=24,mE,0.5,0.49275362318840576,0.075,700.0,0.09130434782608696,2.9565217391304346,1.5136913381535995,1.0,72.5,32.71739130434782,24.0
z<=24,mE,0.5,0.49457825044312376,0.085,700.0,0.09097591492023771,2.9674695026587425,1.5082464052825433,0.5,86.5,38.80434782608695,24.0
z<=24,mE,0.5,0.49275362318840576,0.095,700.0,0.09130434782608696,2.9565217391304346,1.5136913381535995,0.5,94.0,34.7463768115942,24.0
z<=24,mE,0.5,0.4982014388489208,0.105,700.0,0.09032374100719423,2.989208633093525,1.4974343242957318,1.0,71.0,59.347826086956516,24.0
z<=24,mE,0.5,0.49457825044312376,0.115,700.0,0.09097591492023771,2.9674695026587425,1.5082464052825433,0.25,108.0,42.60869565217391,24.0
z<=24,mE,0.5,0.4963768115942029,0.125,700.0,0.09065217391304348,2.978260869565217,1.502879257166788,0.5,77.5,31.19565217391304,24.0
z<=24,mE,0.75,0.7410071942446044,0.045,700.0,0.04661870503597121,4.446043165467627,0.7728693286687646,0.25,93.0,41.086956521739125,24.0
z<=24,mE,0.75,0.7400688145136065,0.055,700.0,0.04678761338755082,4.4404128870816395,0.7756695798595934,0.0,,,24.0
z<=24,mE,0.75,0.7400688145136065,0.065,700.0,0.04678761338755082,4.4404128870816395,0.7756695798595934,1.0,81.0,44.89130434782608,24.0
z<=24,mE,0.75,0.7410071942446044,0.075,700.0,0.04661870503597121,4.446043165467627,0.7728693286687646,0.25,83.0,16.908212560386474,24.0
z<=24,mE,0.75,0.7400688145136065,0.085,700.0,0.04678761338755082,4.4404128870816395,0.7756695798595934,0.75,75.0,28.913043478260867,24.0
z<=24,mE,0.75,0.7409937888198759,0.095,700.0,0.04662111801242235,4.445962732919255,0.772909332257205,0.75,66.0,35.50724637681159,24.0
z<=24,mE,0.75,0.7419321685508736,0.105,700.0,0.04645220966084274,4.451593011305242,0.7701090810663762,0.75,91.0,38.043478260869556,24.0
z<=24,mE,0.75,0.7410071942446044,0.115,700.0,0.04661870503597121,4.446043165467627,0.7728693286687646,1.0,80.5,37.28260869565217,24.0
z<=24,mE,0.75,0.7400688145136065,0.125,700.0,0.04678761338755082,4.4404128870816395,0.7756695798595934,0.75,71.0,61.02974828375285,24.0
